<?xml version="1.0"?>
<Timetable
	xmlns:xsi="http://www.w3.org/2001/XMLSchema-instance" 
	xsi:noNamespaceSchemaLocation="SkatingClass.xsd">
	
	<SkatingClass ClassID="1001">
		<LevelID>101</LevelID>
		<WeekDay>Mon</WeekDay>
		<TimeSlot>6.00 pm - 7.00 pm</TimeSlot>
		<InstructorName>Samantha Hanson</InstructorName>
	</SkatingClass>
	
	<SkatingClass ClassID="1002">
		<LevelID>101</LevelID>
		<WeekDay>Sat</WeekDay>
		<TimeSlot>8.00 am - 9.00 am</TimeSlot>
		<InstructorName>Samantha Hanson</InstructorName>
	</SkatingClass>
	
	<SkatingClass ClassID="1003">
		<LevelID>104</LevelID>
		<WeekDay>Tue</WeekDay>
		<TimeSlot>7.00 pm - 8.00 pm</TimeSlot>
		<InstructorName>Kristen May</InstructorName>
	</SkatingClass>
	
	<SkatingClass ClassID="1004">
		<LevelID>105</LevelID>
		<WeekDay>Sat</WeekDay>
		<TimeSlot>10.00 am - 11.00 am</TimeSlot>
		<InstructorName>Samantha Hanson</InstructorName>
	</SkatingClass>
	
	<SkatingClass ClassID="1005">
		<LevelID>105</LevelID>
		<WeekDay>Sun</WeekDay>
		<TimeSlot>1.00 pm - 2.00 pm</TimeSlot>
		<InstructorName>Samantha Hanson</InstructorName>
	</SkatingClass>
	
	<SkatingClass ClassID="1006">
		<LevelID>103</LevelID>
		<WeekDay>Mon</WeekDay>
		<TimeSlot>6.00 pm - 7.00 pm</TimeSlot>
		<InstructorName>Daniel</InstructorName>
	</SkatingClass>
</Timetable>
