<?xml version="1.0"?>
<SkateMaster
	xmlns:xsi="http://www.w3.org/2001/XMLSchema-instance" 
	xsi:noNamespaceSchemaLocation="SkatingCompetition.xsd">
	
	<SkatingClass ClassID="1001">
		<levelID>101</levelID>
		<WeekDay>Mon</WeekDay>
		<TimeSlot>6.00pm-7.00pm</TimeSlot>
		<InstructorName>Samantha Hanson</InstructorName>
	</SkatingClass>
	
	<SkatingClass ClassID="1002">
		<levelID>101</levelID>
		<WeekDay>Sat</WeekDay>
		<TimeSlot>8.00am-9.00 am</TimeSlot>
		<InstructorName>Samantha Hanson</InstructorName>
	</SkatingClass>
	
	<SkatingClass ClassID="1003">
		<levelID>104</levelID>
		<WeekDay>Tue</WeekDay>
		<TimeSlot>7.00pm-8.00pm</TimeSlot>
		<InstructorName>Kristen May</InstructorName>
	</SkatingClass>
	
	<SkatingClass ClassID="1004">
		<levelID>105</levelID>
		<WeekDay>Sat</WeekDay>
		<TimeSlot>10.00am -11.00am</TimeSlot>
		<InstructorName>Samantha Hanson</InstructorName>
	</SkatingClass>
	
	<SkatingClass ClassID="1005">
		<levelID>105</levelID>
		<WeekDay>Sun</WeekDay>
		<TimeSlot>1.00pm-2.00pm</TimeSlot>
		<InstructorName>Samantha Hanson</InstructorName>
	</SkatingClass>
	
	<SkatingClass ClassID="1006">
		<levelID>103</levelID>
		<WeekDay>Mon</WeekDay>
		<TimeSlot>6.00pm-7.00pm</TimeSlot>
		<InstructorName>Daniel</InstructorName>
	</SkatingClass>
</SkateMaster>
