<?xml version="1.0" encoding="UTF-8"?> 
	<referraltable xmlns:xs="http://www.w3.org/2001/XMLSchema-instance" xs:noNamespaceSchemaLocation="sample.xsd">
		<referrals>
			<refno>5000</refno>
			<refname>Praveen</refname>
			<address>Chennai</address>
			<phoneno>9897969594</phoneno>
			<degree>BE</degree>
			<empno>104</empno>
        </referrals>
		<referrals>
			<refno>5001</refno>
			<refname>Anbaghzan</refname>
			<address>Banglore</address>
			<phoneno>8989878767</phoneno>
			<degree>BSc</degree>
			<empno>106</empno>
        </referrals>
		<referrals>
			<refno>5002</refno>
			<refname>Saravanam</refname>
			<address>Chennai</address>
			<phoneno>7876545654</phoneno>
			<degree>BE</degree>
			<empno>104</empno>
        </referrals>
		<referrals>
			<refno>5003</refno>
			<refname>Rakesh</refname>
			<address>Pune</address>
			<phoneno>7788778877</phoneno>
			<degree>BSc</degree>
			<empno>105</empno>
        </referrals>
		<referrals>
			<refno>5004</refno>
			<refname>Vikas</refname>
			<address>Mumbai</address>
			<phoneno>9844556677</phoneno>
			<degree>BE</degree>
			<empno>102</empno>
        </referrals>
		
	</referraltable>
		